   DEPTH	DT	   GR  	      ILD 	NPHI 	    RHOB
  2952.400    95.4766    74.3750     1.1445    25.7249     2.4929 
  2952.600    94.8945    78.6992     1.1443    25.7249     2.4480 
  2952.800    92.9727    80.0625     1.1831    25.7617     2.4355 
  2953.000    91.8281    81.0391     1.2468    26.0015     2.4119 
  2953.200    91.0703    81.8203     1.3105    25.3672     2.4176 
  2953.400    90.0586    83.1836     1.3596    25.7031     2.4678 
  2953.600    88.6602    83.6914     1.4053    26.9023     2.4412 
  2953.800    88.1382    82.2656     1.4685    25.9531     2.4116 
  2954.000    87.9492    79.0586     1.5327    24.0820     2.4775 
  2954.200    88.5703    78.6836     1.5730    24.3438     2.5206 
  2954.400    87.6211    81.9766     1.6030    24.8853     2.5220 
  2954.600    85.3672    84.8750     1.6511    23.9453     2.5193 
  2954.800    84.1523    85.9375     1.7231    23.0938     2.4961 
  2955.000    84.1436    87.3555     1.7820    22.2891     2.4873 
  2955.200    84.7383    87.8320     1.8059    21.3594     2.4864 
  2955.400    85.9844    85.3711     1.8014    21.1084     2.4836 
  2955.600    88.4102    83.5508     1.7815    21.3086     2.4863 
  2955.800    89.8047    84.9375     1.7536    21.8477     2.4818 
  2956.000    87.6602    89.4258     1.7509    22.3123     2.4978 
  2956.200    85.7070    93.1797     1.7665    21.6680     2.5017 
  2956.400    85.2263    95.4766     1.7705    20.2461     2.4971 
  2956.600    86.8789    96.0195     1.7415    19.8477     2.5271 
  2956.800    88.7461    93.1875     1.6846    19.6641     2.5404 
  2957.000    92.5625    87.5000     1.6245    19.9219     2.5149 
  2957.200    94.6172    84.4492     1.5901    21.5664     2.5181 
  2957.400    91.2305    86.8125     1.5549    23.0547     2.5270 
  2957.600    90.0657    91.1797     1.5186    22.4570     2.5518 
  2957.800    89.7383    91.8359     1.4998    21.6602     2.5645 
  2958.000    91.2500    90.5391     1.4707    22.1914     2.5161 
  2958.200    90.6211    88.9258     1.4749    22.4316     2.4834 
  2958.400    86.3750    87.9453     1.5803    23.4414     2.4745 
  2958.600    81.8984    87.1680     1.7661    24.5508     2.4653 
  2958.800    80.8438    85.5000     1.9246    23.9102     2.4866 
  2959.000    83.1406    82.6992     2.0046    22.4543     2.5027 
  2959.200    85.9141    81.4321     2.0234    22.7070     2.4751 
  2959.400    88.2891    82.6836     2.0547    22.7422     2.4395 
  2959.600    86.5977    85.8789     2.1047    21.9727     2.4519 
  2959.800    82.9531    88.7969     2.1211    19.9922     2.4742 
  2960.000    82.1211    90.6172     2.1401    18.5859     2.4691 
  2960.200    83.8477    91.9609     2.1445    18.8047     2.4599 
  2960.400    85.5547    91.1367     2.1267    19.4766     2.4576 
  2960.600    83.1875    87.3750     2.1921    20.6211     2.4717 
  2960.800    81.0977    83.0508     2.3340    21.1067     2.4679 
  2961.000    80.7988    79.3125     2.5339    20.7305     2.4795 
  2961.200    80.9219    77.6484     2.6357    20.0498     2.4719 
  2961.400    82.7070    74.7891     2.6182    20.5820     2.4436 
  2961.600    84.9570    70.8750     2.5044    20.8867     2.4454 
  2961.800    85.3381    70.5781     2.4180    19.9883     2.4577 
  2962.000    84.9023    72.2734     2.3459    19.0586     2.4663 
  2962.200    83.7344    72.9492     2.2532    18.7173     2.4681 
  2962.400    82.3516    74.0664     2.1926    18.6790     2.4606 
  2962.600    81.1211    77.8750     2.1516    18.9648     2.4641 
  2962.800    81.1250    78.9001     2.1362    19.7656     2.4685 
  2963.000    83.2383    77.2876     2.1406    19.5195     2.4702 
  2963.200    86.7148    78.0508     2.0969    17.9102     2.4597 
  2963.400    91.2500    78.7803     1.9924    17.2512     2.4501 
  2963.600    92.6367    77.1484     1.8711    17.2500     2.4593 
  2963.800    90.6484    74.6797     1.7905    16.9180     2.4684 
  2964.000    87.8320    72.3008     1.7429    16.9216     2.4588 
  2964.200    86.5039    68.7930     1.7275    18.1484     2.4404 
  2964.400    86.1250    64.1875     1.7659    20.1289     2.4299 
  2964.600    85.7812    58.2500     1.8523    21.4844     2.4348 
  2964.800    85.5227    50.4375     1.9785    21.9414     2.4444 
  2965.000    85.7617    42.6875     2.1794    21.4297     2.4505 
  2965.200    86.5703    38.3828     2.4194    20.4961     2.4465 
  2965.400    88.3359    37.9141     2.5679    19.7656     2.4508 
  2965.600    89.9141    39.8867     2.5944    18.9766     2.4545 
  2965.800    88.6641    42.3281     2.6019    18.4668     2.4390 
  2966.000    84.3125    43.2109     2.6223    18.5605     2.4235 
  2966.200    81.9961    40.8789     2.6444    18.9470     2.4446 
  2966.400    81.3611    39.4336     2.6442    18.9417     2.4695 
  2966.600    81.6641    43.1875     2.6274    18.7000     2.4813 
  2966.800    83.4922    50.9375     2.6284    18.6177     2.4891 
  2967.000    87.1172    57.6875     2.6619    18.3711     2.4854 
  2967.200    90.6016    62.3008     2.7012    18.3875     2.4763 
  2967.400    91.6328    64.8337     2.6865    19.0625     2.4642 
  2967.600    89.5469    62.8750     2.5498    20.0391     2.4487 
  2967.800    88.2188    56.3750     2.3870    21.0039     2.4265 
  2968.000    89.9258    51.9531     2.2732    21.8984     2.4180 
  2968.200    91.3425    47.1250     2.1492    21.7344     2.4304 
  2968.400    90.6094    42.0000     2.0178    20.1797     2.4626 
  2968.600    90.1406    39.3516     1.9343    19.6562     2.4799 
  2968.800    90.6250    39.0742     1.9152    20.9727     2.4687 
  2969.000    90.6523    40.5000     1.9238    21.4399     2.4617 
  2969.200    89.7383    43.1289     1.9495    21.4751     2.4521 
  2969.400    88.7305    44.8906     1.9778    22.2852     2.4351 
  2969.600    88.4722    44.7578     1.9960    22.4219     2.4234 
  2969.800    88.6169    44.1289     1.9846    21.7539     2.4254 
  2970.000    89.3438    44.2773     1.9312    21.7188     2.4409 
  2970.200    90.2773    47.2344     1.8708    21.7773     2.4566 
  2970.400    90.7695    50.6484     1.8196    21.3945     2.4610 
  2970.600    90.8320    51.4844     1.7727    21.4453     2.4519 
  2970.800    91.1367    52.0977     1.7280    21.8281     2.4320 
  2971.000    91.6680    53.8984     1.7126    21.9001     2.4238 
  2971.200    91.6445    54.1445     1.7407    21.2942     2.4215 
  2971.400    90.0859    53.8750     1.7825    21.3438     2.4172 
  2971.600    88.6602    56.0156     1.8038    21.9336     2.4144 
  2971.800    88.5820    60.8828     1.7827    21.6523     2.4142 
  2972.000    89.9961    63.5859     1.7535    20.7539     2.4285 
  2972.200    90.6750    63.7070     1.7444    20.0742     2.4580 
  2972.400    90.3203    62.1680     1.7496    19.9055     2.4810 
  2972.600    89.5938    61.8867     1.7558    20.4766     2.4658 
  2972.800    90.5156    65.0625     1.7484    21.7070     2.4428 
  2973.000    94.0234    67.8633     1.7531    21.4922     2.4487 
  2973.200    96.3438    64.5000     1.8694    21.0134     2.4574 
  2973.400    96.0039    54.2500     2.0923    21.2070     2.4532 
  2973.600    92.7812    44.6875     2.3945    21.7852     2.4569 
  2973.800    82.9375    37.1875     2.6675    22.2617     2.4683 
  2974.000    72.8125    35.1758     2.7131    22.5786     2.5129 
  2974.200    65.5625    35.9453     2.5764    21.3633     2.5710 
  2974.400    68.6875    47.5625     2.3904    16.5625     2.6470 
  2974.600    85.0625    62.8750     2.3057    12.6445     2.6791 
  2974.800    97.6250    75.6250     2.1792    15.4375     2.6338 
  2975.000   102.9844    84.6875     1.9900    21.5129     2.5346 
  2975.200   103.5781    90.5195     1.8669    25.2812     2.4451 
  2975.400   101.8945    87.6250     1.8818    27.0703     2.4094 
  2975.600    98.3281    78.3125     2.0039    26.9219     2.3743 
  2975.800    96.7725    79.7500     2.1541    24.9648     2.3838 
  2976.000    96.3203    91.0000     2.3604    24.5117     2.4049 
  2976.200    93.7305    96.0352     2.6201    24.9492     2.4105 
  2976.400    88.8750    93.0000     2.8796    23.0508     2.4079 
  2976.600    83.5625    90.4883     3.0515    20.7812     2.4123 
  2976.800    83.5820    90.5664     2.9893    19.6523     2.4314 
  2977.000    89.0586    88.3750     2.7683    20.2930     2.4291 
  2977.200    92.3555    83.3789     2.6033    21.5938     2.4175 
  2977.400    94.1992    82.2422     2.5330    22.3672     2.4155 
  2977.600    95.0273    84.1680     2.5122    22.8782     2.4233 
  2977.800    93.9414    83.7695     2.5486    22.9006     2.4325 
  2978.000    89.7500    79.9375     2.7500    22.0547     2.4425 
  2978.200    82.8125    76.6719     3.2227    19.1523     2.4388 
  2978.400    80.3203    80.2500     4.0156    17.4080     2.4460 
  2978.600    82.6914    85.8750     4.9648    18.3320     2.4526 
  2978.800    84.5625    89.8086     6.1055    20.0195     2.4260 
  2979.000    84.0522    90.3320     7.2109    20.0781     2.4027 
  2979.200    84.7422    89.4883     7.7048    19.1914     2.4101 
  2979.400    84.5938    88.0898     7.7439    19.3984     2.3943 
  2979.600    81.3711    79.8750     7.6426    20.2070     2.3833 
  2979.800    78.9297    70.6875     7.3789    19.1797     2.4260 
  2980.000    75.7969    68.9609     7.0977    17.2305     2.4719 
  2980.200    73.8750    73.7500     6.6445    13.8867     2.5035 
  2980.400    77.2500    79.3867     5.7422    14.1250     2.4946 
  2980.600    82.1875    79.9609     4.9414    18.0547     2.4541 
  2980.800    85.5547    75.7773     4.4219    18.9922     2.4473 
  2981.000    84.0625    71.8320     3.8242    17.5938     2.4469 
  2981.200    82.0039    68.8164     3.2344    17.5547     2.4571 
  2981.400    83.4297    67.2031     2.6992    19.4727     2.4634 
  2981.600    89.0625    71.1875     2.3386    21.6094     2.4592 
  2981.800    93.8125    75.9062     2.1592    23.4922     2.4554 
  2982.000    95.2031    75.6562     2.0662    24.4023     2.4446 
  2982.200    92.0547    71.6523     2.0149    22.7500     2.4409 
  2982.400    89.1836    70.2578     1.9988    21.2461     2.4428 
  2982.600    88.6875    72.6641     2.0259    21.3711     2.4446 
  2982.800    90.3008    78.3125     2.1753    22.1797     2.4524 
  2983.000    90.6255    84.8125     2.4414    22.5681     2.4458 
  2983.200    90.5674    86.4531     2.7695    22.2148     2.4253 
  2983.400    89.0938    81.9180     3.1272    21.9141     2.4068 
  2983.600    88.8867    80.7500     3.2856    22.6094     2.4011 
  2983.800    93.0000    88.0625     3.2917    22.9543     2.3939 
  2984.000    98.9062    93.1836     3.1914    24.1914     2.3932 
  2984.200   101.0859    88.4375     2.9375    25.8203     2.3931 
  2984.400    99.9609    80.0625     2.6055    26.2422     2.3847 
  2984.600    99.3845    75.1445     2.3047    26.1724     2.3825 
  2984.800   100.0586    78.1875     2.1770    25.3477     2.3790 
  2985.000   100.5276    86.1875     2.1347    25.6445     2.3840 
  2985.200   100.0039    91.8086     2.2131    26.7500     2.3893 
  2985.400    96.5625    90.0000     2.4531    25.8359     2.3774 
  2985.600    92.1445    83.9375     2.7578    23.5430     2.3882 
  2985.800    89.7031    75.3125     3.1211    21.6523     2.4250 
  2986.000    87.9375    63.4375     3.5469    20.2227     2.4563 
  2986.200    81.6875    54.0625     4.0703    18.2031     2.4954 
  2986.400    75.2500    53.1602     4.4314    16.9414     2.5417 
  2986.600    75.5000    62.8750     4.4788    19.2500     2.5378 
  2986.800    83.8750    77.4375     4.3494    23.6680     2.4565 
  2987.000    93.3750    91.6875     4.1794    24.9783     2.3850 
  2987.200    95.2148    95.9375     4.0425    23.4727     2.3651 
  2987.400    92.5781    89.1250     4.0322    22.3601     2.3790 
  2987.600    89.1953    83.1250     4.1619    22.7891     2.3802 
  2987.800    86.4219    76.3750     4.4609    22.8325     2.3625 
  2988.000    85.4219    67.6875     4.9688    22.7163     2.3367 
  2988.200    88.1875    60.9062     5.4766    22.8191     2.2710 
  2988.400    91.7891    59.7749     6.0234    23.1680     2.1931 
  2988.600    92.9570    59.9219     7.0898    24.0625     2.1821 
  2988.800    94.8594    59.0156     9.1289    24.8945     2.1963 
  2989.000    98.6211    56.2539    12.0898    24.5938     2.1707 
  2989.200   101.9297    52.3125    16.2500    23.0703     2.1318 
  2989.400   102.2031    50.8779    24.0625    21.5977     2.1275 
  2989.600   100.3594    51.1445    37.0625    21.2837     2.1339 
  2989.800    99.1807    51.8711    61.0000    21.6523     2.1316 
  2990.000    99.0933    52.9844 421888.000    21.9453     2.1257 
  2990.200    99.3711    53.3398 1000000.00    22.0328     2.1270 
  2990.400    99.5508    52.3203 1000000.00    21.7710     2.1257 
  2990.600    98.9453    53.3555 1000000.00    21.6899     2.1280 
  2990.800    97.5859    53.5781 1000000.00    21.7104     2.1404 
  2991.000    96.1250    51.8398 1000000.00    21.6916     2.1527 
  2991.200    95.3164    52.3828 1000000.00    22.0977     2.1587 
  2991.400    95.1914    52.4844 389120.000    22.7969     2.1611 
  2991.600    95.6289    50.9883   220.0000    23.3750     2.1621 
  2991.800    96.1797    51.1602 237568.000    23.5586     2.1630 
  2992.000    96.4922    52.3906 1000000.00    22.9961     2.1639 
  2992.200    96.8359    52.1172 139264.000    22.3750     2.1645 
  2992.400    97.0449    52.0586   122.0000    22.4297     2.1659 
  2992.600    96.9688    53.8320    66.4375    23.1289     2.1756 
  2992.800    96.7031    55.3477    56.3750    23.2734     2.1821 
  2993.000    96.3008    55.4297    69.3750    22.5352     2.1857 
  2993.200    96.0017    54.3047    85.0000    22.0220     2.1884 
  2993.400    95.8772    52.2266    43.2500    22.0222     2.1850 
  2993.600    96.2656    49.6016    21.6875    22.2852     2.1746 
  2993.800    97.0259    50.8359    16.1758    22.2148     2.1679 
  2994.000    96.1641    55.0000    13.6445    21.5664     2.1809 
  2994.200    94.7148    60.0000    12.2344    20.8320     2.2087 
  2994.400    94.3203    64.6641    10.9297    20.8047     2.2302 
  2994.600    94.2107    66.4609     9.7227    21.5000     2.2561 
  2994.800    95.3477    63.9531     9.4058    23.1250     2.2708 
  2995.000    98.0391    57.0000    11.1836    23.7891     2.2158 
  2995.200    99.5664    53.3984    16.0625    22.7930     2.1616 
  2995.400    99.5000    52.6562    29.8750    22.3757     2.1463 
  2995.600    99.3623    52.6023    64.6875    23.0195     2.1417 
  2995.800    99.5208    53.0781    94.1875    23.6523     2.1305 
  2996.000   100.8008    55.4023    61.4375    23.8362     2.1373 
  2996.200   103.2383    58.9023    25.1875    24.4023     2.1721 
  2996.400   102.1914    60.9883    16.1875    25.0774     2.2244 
  2996.600    96.3125    62.9727    13.4453    24.6367     2.2683 
  2996.800    88.5000    64.6992    11.9141    23.1406     2.2762 
  2997.000    83.6355    64.6367    10.2461    22.3711     2.2665 
  2997.200    88.8125    62.1250     9.2227    23.5273     2.2715 
  2997.400    98.8125    57.9805    10.0781    25.5664     2.2439 
  2997.600   101.3555    55.8281    12.5156    25.8750     2.1780 
  2997.800    99.8789    55.7070    15.3711    24.8828     2.1492 
  2998.000    96.4336    56.1914    21.2500    24.5627     2.1597 
  2998.200    95.0039    55.8945    28.7500    25.0293     2.1785 
  2998.400    94.8389    55.0156    36.9375    24.6133     2.1803 
  2998.600    94.9221    54.2734    53.5000    23.3281     2.1771 
  2998.800    95.2031    53.1523   150.0000    22.3281     2.1853 
  2999.000    95.5181    50.7109 479232.000    21.5352     2.1862 
  2999.200    95.4958    49.5430 1000000.00    21.1375     2.1687 
  2999.400    95.1919    49.0960 1000000.00    21.2136     2.1621 
  2999.600    95.0532    49.5586 1000000.00    21.2053     2.1694 
  2999.800    95.1433    50.4336 1000000.00    20.9375     2.1688 
  3000.000    95.3386    49.3516 1000000.00    20.8582     2.1647 
  3000.200    95.4328    49.2070 1000000.00    21.1250     2.1618 
  3000.400    95.3523    50.0430 1000000.00    21.6523     2.1595 
  3000.600    94.9883    49.6289 1000000.00    22.0391     2.1660 
  3000.800    94.3164    48.9609 1000000.00    21.6055     2.1760 
  3001.000    93.7812    49.0117 1000000.00    20.9609     2.1919 
  3001.200    93.3242    50.6953 86016.0000    20.9194     2.2074 
  3001.400    92.7461    52.8008   185.0000    21.7969     2.2245 
  3001.600    92.3359    53.8320   109.9375    22.4338     2.2295 
  3001.800    92.1003    54.1938    89.1875    22.1992     2.2126 
  3002.000    91.9838    53.8625    98.0000    21.8472     2.1988 
  3002.200    92.0432    53.7251   141.0000    21.8776     2.2021 
  3002.400    92.4688    53.6777   771.0000    21.6055     2.2035 
  3002.600    93.1055    52.7656 1000000.00    21.1130     2.1991 
  3002.800    93.3447    51.8752 1000000.00    21.0579     2.2015 
  3003.000    93.0898    52.3320 1000000.00    21.4453     2.2096 
  3003.200    92.4841    54.1523 962560.000    21.8582     2.2138 
  3003.400    92.3647    54.7969   188.0000    21.9382     2.2094 
  3003.600    92.6248    53.1211    55.2500    21.8762     2.2064 
  3003.800    92.6255    51.1445    43.0000    21.8301     2.2067 
  3004.000    90.5391    52.0195    30.8750    21.9133     2.1996 
  3004.200    87.1680    55.2266    19.7500    21.9616     2.1940 
  3004.400    86.2667    58.9102    15.0469    22.0139     2.1950 
  3004.600    89.6875    61.8633    12.4453    22.6328     2.2139 
  3004.800    94.2695    62.2969    11.2422    23.4570     2.2281 
  3005.000    93.3203    60.3438    10.7852    23.9219     2.2576 
  3005.200    89.2305    59.2471    10.3164    23.9766     2.2968 
  3005.400    88.7734    59.2351     9.5664    23.2891     2.2832 
  3005.600    92.8125    58.3281     9.0156    22.3398     2.2468 
  3005.800    96.0586    55.2461    10.4375    22.2617     2.2078 
  3006.000    96.2930    52.6719    17.3750    21.6680     2.1924 
  3006.200    95.2578    51.2930    32.1875    20.6445     2.2007 
  3006.400    94.1641    50.7227    59.5625    20.6836     2.2071 
  3006.600    94.5391    51.6602    94.5000    21.1289     2.1954 
  3006.800    95.0820    52.3906   112.2500    21.4336     2.1918 
  3007.000    95.2844    53.2695    93.1875    21.7344     2.1958 
  3007.200    95.7852    55.4570    62.1250    22.0859     2.1921 
  3007.400    97.2852    56.3347    42.1250    22.3486     2.1892 
  3007.600    99.0469    54.9648    30.3125    22.7539     2.1932 
  3007.800   100.8555    53.7891    26.3945    23.7109     2.1958 
  3008.000   102.0547    54.6172    23.9102    24.7031     2.1859 
  3008.200   102.1050    55.3516    22.0273    25.1643     2.1736 
  3008.400   101.8164    53.3711    25.0000    24.7422     2.1678 
  3008.600   101.4297    52.5547    37.4375    24.6292     2.1735 
  3008.800    99.8398    54.3555    54.1250    24.1406     2.1738 
  3009.000    96.5117    55.7612    59.8477    22.8398     2.1690 
  3009.200    94.4297    55.6289    68.1875    22.5300     2.1873 
  3009.400    93.9590    54.6680    98.5625    22.5869     2.2173 
  3009.600    94.0364    53.1992   189.0000    22.5725     2.2297 
  3009.800    94.4141    51.8818   337.0000    22.7422     2.2092 
  3010.000    96.2266    53.2188   163.0000    22.7654     2.1899 
  3010.200    99.5039    56.3047    63.7500    22.2422     2.1854 
  3010.400   102.4727    56.3789    29.8125    22.3125     2.1782 
  3010.600   103.9219    55.2617    19.5625    23.3047     2.1666 
  3010.800   102.9922    54.5625    18.3914    24.0273     2.1582 
  3011.000   101.2461    54.8750    17.2617    24.0547     2.1481 
  3011.200   100.1016    57.9375    14.5703    23.5234     2.1531 
  3011.400    98.8477    65.0625    12.4258    22.9258     2.1790 
  3011.600    96.7070    71.6016    11.4219    22.1914     2.2124 
  3011.800    93.5977    72.7070    10.6641    21.4023     2.2668 
  3012.000    90.4492    69.1250     9.4766    20.6211     2.3328 
  3012.200    89.2524    63.8125     7.8242    20.3750     2.3688 
  3012.400    89.0156    57.0000     6.7539    20.6729     2.3718 
  3012.600    86.8633    50.2500     6.7539    20.1641     2.3950 
  3012.800    79.5625    49.0117     7.3203    18.1055     2.4592 
  3013.000    71.7891    53.7500     7.8359    14.8164     2.5154 
  3013.200    72.2422    61.5625     7.9819    12.8945     2.5254 
  3013.400    79.1875    66.9375     7.8477    14.7227     2.4785 
  3013.600    87.0625    67.7695     7.6484    18.7930     2.4231 
  3013.800    90.3203    66.7422     7.2852    21.4727     2.3960 
  3014.000    91.7422    64.1602     6.8359    22.4961     2.3774 
  3014.200    93.3008    62.5469     6.4136    23.4102     2.3564 
  3014.400    93.4688    63.6406     6.3191    23.8661     2.3444 
  3014.600    92.9141    65.4219     6.4851    23.5352     2.3360 
  3014.800    93.4141    65.5781     6.7891    23.5820     2.3196 
  3015.000    95.4141    63.0039     7.4766    24.7930     2.2932 
  3015.200    97.0508    59.2617     8.4805    26.1562     2.2573 
  3015.400    96.4805    56.3867     9.3242    26.3984     2.2419 
  3015.600    92.3750    53.0898     9.8281    24.8984     2.2566 
  3015.800    86.6875    49.6367     9.9807    22.9492     2.2952 
  3016.000    79.8750    46.9744     9.9805    21.0312     2.3318 
  3016.200    72.5625    47.9648    11.0352    17.9922     2.3743 
  3016.400    67.4492    52.5625    12.8359    14.6680     2.4204 
  3016.600    70.8750    58.2500    13.6484    16.3164     2.3997 
  3016.800    90.9375    58.9766    12.6289    23.5391     2.2617 
  3017.000   105.0625    57.0742    11.2969    24.8516     2.1760 
  3017.200   103.8867    54.3281    10.3008    23.5195     2.1812 
  3017.400    98.7734    54.7500     9.4102    22.8438     2.2129 
  3017.600    95.3281    59.9375     8.7695    22.3711     2.2622 
  3017.800    90.9375    64.0352     8.5481    21.7773     2.3303 
  3018.000    86.3008    62.1367     8.5332    20.7891     2.3753 
  3018.200    85.0376    60.7109     8.7227    20.1484     2.3638 
  3018.400    85.4922    60.9954     9.2461    21.7383     2.3367 
  3018.600    87.8750    57.5000     9.8242    23.3008     2.2825 
  3018.800    94.6250    54.0586    10.1128    23.7554     2.2124 
  3019.000   100.5000    55.3828    10.0789    23.5703     2.1665 
  3019.200   102.2383    55.6523     9.8279    23.4688     2.1536 
  3019.400   103.4482    56.4492     9.9062    24.4805     2.1511 
  3019.600   101.9570    58.0820    10.3555    24.9451     2.1650 
  3019.800   100.5742    56.4844    10.8047    25.1406     2.1855 
  3020.000   100.6680    52.6172    10.6992    25.7803     2.1904 
  3020.200    97.8516    53.4414    10.2422    25.0977     2.2349 
  3020.400    94.0977    59.3125     9.9180    23.6484     2.2825 
  3020.600    92.5547    62.4994     9.5430    22.7148     2.2878 
  3020.800    91.7695    62.1445     9.2275    22.0469     2.2879 
  3021.000    90.7422    61.5312     8.8633    21.6016     2.3018 
  3021.200    88.5000    62.5977     8.2109    21.4722     2.3134 
  3021.400    86.1836    65.7891     7.5039    21.1523     2.3276 
  3021.600    86.5625    69.5898     6.7930    20.9045     2.3560 
  3021.800    89.3984    71.4844     6.3589    21.8164     2.3694 
  3022.000    90.0859    68.6250     6.2126    22.2539     2.3762 
  3022.200    88.4453    62.6250     6.1069    21.1367     2.3798 
  3022.400    84.3008    59.1484     6.0442    20.2344     2.3630 
  3022.600    82.1230    59.3633     6.2773    21.0820     2.3259 
  3022.800    83.1992    61.6367     6.8906    22.2734     2.2883 
  3023.000    86.5039    63.1523     7.4258    23.0430     2.2673 
  3023.200    90.9375    62.7070     7.8164    23.8047     2.2444 
  3023.400    94.8242    62.9141     8.2734    24.7656     2.2253 
  3023.600    96.2695    65.1406     8.7188    26.3438     2.2267 
  3023.800    95.7188    67.1680     9.2930    26.8555     2.2416 
  3024.000    95.7148    67.2578     9.6836    25.7656     2.2358 
  3024.200    97.1094    65.3203    10.1953    24.9219     2.2194 
  3024.400    98.0078    61.3750    11.2422    24.5898     2.2319 
  3024.600    96.7539    55.3750    13.9766    23.4375     2.2544 
  3024.800    90.2500    49.6875    17.8555    20.9141     2.2866 
  3025.000    77.0000    46.5312    22.2500    16.3125     2.3682 
  3025.200    65.0625    46.0352    27.1562    11.9062     2.4653 
  3025.400    63.9922    48.1289    28.7059    11.8086     2.4918 
  3025.600    75.4375    53.1250    27.0625    16.1250     2.4480 
  3025.800    87.1875    56.9062    23.9414    20.4297     2.3301 
  3026.000    93.8750    57.2227    19.5625    22.2109     2.2224 
  3026.200    98.3047    56.4570    14.3125    22.6641     2.1826 
  3026.400    99.0547    59.6250    11.9102    23.7188     2.1938 
  3026.600    97.4609    66.5000    11.0859    24.9492     2.2144 
  3026.800    95.5664    71.0938    10.4219    25.3909     2.2510 
  3027.000    94.1055    71.0469     9.0469    24.4375     2.2981 
  3027.200    92.7422    67.3125     7.4805    22.7578     2.3381 
  3027.400    89.8594    61.7500     6.0977    20.7188     2.3887 
  3027.600    84.3125    55.3750     5.0742    18.5469     2.4517 
  3027.800    79.0000    49.5703     4.3594    16.9883     2.5044 
  3028.000    75.8867    47.7317     3.9258    16.1211     2.5352 
  3028.200    76.6172    52.3750     3.4531    17.0312     2.5564 
  3028.400    80.8750    61.6250     2.7656    18.9805     2.5725 
  3028.600    86.1250    68.0000     2.3718    20.6875     2.5505 
  3028.800    88.4062    71.6094     2.2576    22.0344     2.5242 
  3029.000    87.4727    69.8125     2.2837    21.5938     2.5289 
  3029.200    84.8750    64.2500     2.3860    20.5547     2.5234 
  3029.400    81.7031    60.2461     2.5579    20.1816     2.5046 
  3029.600    79.9746    62.5000     2.7185    19.8711     2.4923 
  3029.800    80.7695    67.1875     2.8340    18.3477     2.4690 
  3030.000    84.5000    73.1875     2.9639    16.5586     2.4343 
  3030.200    90.4062    81.1875     3.1914    16.7891     2.4113 
  3030.400    89.9375    83.9219     3.5000    19.5273     2.4250 
  3030.600    83.1250    74.0625     3.7920    22.5781     2.4778 
  3030.800    72.2500    52.9375     4.0139    20.8125     2.5564 
  3031.000    60.0625    38.2500     4.2407    14.3125     2.6582 
  3031.200    54.2852    44.3125     4.5117    10.1328     2.7358 
  3031.400    60.0000    62.3125     4.7383    10.3750     2.7412 
  3031.600    72.1250    76.3125     4.9070    16.1875     2.6191 
  3031.800    84.6875    81.6680     4.9578    21.3203     2.4788 
  3032.000    91.2617    80.2891     4.7305    22.7295     2.4272 
  3032.200    91.3828    77.6250     4.4419    22.7539     2.3940 
  3032.400    90.3945    74.5391     4.2297    22.2656     2.3640 
  3032.600    90.2295    69.6875     4.0781    21.5000     2.3664 
  3032.800    89.0195    64.1875     4.0371    20.5078     2.3965 
  3033.000    86.5938    60.2461     4.0149    20.2043     2.4348 
  3033.200    84.0859    58.9688     3.8889    19.5742     2.4868 
  3033.400    80.2773    62.1875     3.5742    17.8516     2.5254 
  3033.600    78.6445    72.2500     3.2305    17.1055     2.5388 
  3033.800    83.1250    85.0625     3.0383    18.7148     2.5449 
  3034.000    92.1875    96.3125     2.9438    22.3008     2.5173 
  3034.200    96.5117    98.1875     2.8167    25.7891     2.4460 
  3034.400    96.9438    91.7500     2.7195    27.8398     2.3953 
  3034.600    98.5430    85.9062     2.7529    26.7109     2.3863 
  3034.800    98.5820    82.0391     2.9412    26.1914     2.3927 
  3035.000    94.5625    78.5039     3.1399    26.7805     2.4003 
  3035.200    87.9180    76.5703     3.2720    25.3945     2.4221 
  3035.400    85.0117    79.1914     3.3224    22.9922     2.4418 
  3035.600    85.1836    83.8750     3.3201    22.1641     2.4436 
  3035.800    88.1484    87.7266     3.3599    22.3672     2.4422 
  3036.000    94.2344    87.2773     3.5061    23.3008     2.4451 
  3036.200    96.4023    84.1445     3.7500    24.7969     2.4417 
  3036.400    93.0625    78.6250     4.0938    24.6602     2.4202 
  3036.600    88.1289    69.6875     4.5469    22.6250     2.3961 
  3036.800    86.9336    59.5625     5.3125    21.7275     2.3689 
  3037.000    88.8359    54.5156     6.3203    21.4141     2.2913 
  3037.200    89.5625    53.6914     7.6211    20.2500     2.2539 
  3037.400    87.9531    54.5625     9.3672    20.0273     2.2852 
  3037.600    87.8789    55.6445    12.0664    21.6719     2.2998 
  3037.800    92.6250    55.2539    14.6602    23.4102     2.2625 
  3038.000    99.7500    52.6523    15.1055    23.8008     2.2141 
  3038.200   103.7734    50.9336    15.8789    24.5234     2.1599 
  3038.400   102.5000    50.8125    18.1875    25.0039     2.1327 
  3038.600    98.6953    52.4805    21.2930    24.1406     2.1388 
  3038.800    97.2930    53.9961    22.4438    23.7561     2.1343 
  3039.000    97.5391    53.0898    20.6211    23.4570     2.1301 
  3039.200    97.4531    50.3672    15.7500    22.6860     2.1410 
  3039.400    96.2617    49.3828    12.1523    22.6587     2.1519 
  3039.600    95.8262    50.7188    10.6211    22.3750     2.1584 
  3039.800    97.2461    51.7812     9.9258    21.3789     2.1653 
  3040.000    98.3972    50.9336     9.5837    20.4492     2.1760 
  3040.200    96.6523    50.0195     9.3315    19.6133     2.1990 
  3040.400    91.8125    49.2070     9.1763    17.6719     2.2610 
  3040.600    82.3125    47.4102     8.7148    13.7500     2.3770 
  3040.800    69.0625    47.1289     7.6758    10.6523     2.5022 
  3041.000    62.3750    50.8125     6.8594    13.1875     2.5703 
  3041.200    71.8125    59.6250     6.2578    22.1875     2.5310 
  3041.400    86.5625    69.6875     5.9878    27.0352     2.4490 
  3041.600    91.1016    75.2695     6.0791    25.1992     2.4214 
  3041.800    86.8125    70.9375     6.3516    22.0430     2.4211 
  3042.000    80.4375    61.8750     7.1445    22.1836     2.4191 
  3042.200    78.0156    55.8125     8.6562    22.8438     2.3862 
  3042.400    84.0000    56.1211    10.2852    23.1914     2.2722 
  3042.600    94.0625    56.1719    10.4336    24.0781     2.1824 
  3042.800   102.5625    53.3984     8.9297    24.9414     2.1766 
  3043.000   105.2349    52.4688     7.2422    24.9053     2.1885 
  3043.200   104.7500    55.4336     6.3594    25.1367     2.2070 
  3043.400   103.3125    60.0000     5.8320    25.5625     2.2456 
  3043.600   101.3359    66.3750     5.6594    23.7500     2.3152 
  3043.800    99.1719    73.4375     6.0859    18.0000     2.3760 
  3044.000    94.1875    70.8125     7.1562    12.6250     2.4158 
  3044.200    77.9375    51.8125     9.3164     7.2500     2.4570 
  3044.400    67.7500    39.1875    13.1133     2.9570     2.5461 
  3044.600    58.0000    37.6250    15.8281     1.8948     2.6111 
  3044.800    53.7812    42.6875    17.0425     2.3672     2.6091 
  3045.000    58.6875    52.1875    16.1406     5.3750     2.5781 
  3045.200    71.2500    59.6250    12.1250    12.2500     2.4783 
  3045.400    85.9375    61.7109     9.4492    20.2500     2.3428 
  3045.600    93.2500    60.3789     8.2148    22.9055     2.2783 
  3045.800    97.8828    61.1289     6.9102    22.6719     2.2631 
  3046.000    99.3853    65.2500     5.9258    22.4807     2.2691 
  3046.200    95.4141    69.8594     5.2891    23.4102     2.3015 
  3046.400    93.6211    71.0078     4.7695    24.2893     2.3369 
  3046.600    96.1484    69.8711     4.3320    23.6680     2.3650 
  3046.800    96.6121    71.8125     3.9219    22.7585     2.3689 
  3047.000    96.9531    77.2500     3.7031    22.9219     2.3298 
  3047.200    98.5703    80.8516     3.7043    23.2078     2.3011 
  3047.400    99.0234    79.4375     3.8867    23.3157     2.3154 
  3047.600    97.9805    75.2578     4.2422    23.4414     2.3484 
  3047.800    95.7422    71.2148     4.6836    23.8164     2.3752 
  3048.000    91.0625    67.2148     5.1562    24.1641     2.4009 
  3048.200    85.4102    65.2188     5.5625    24.6064     2.4038 
  3048.400    84.7812    63.3047     5.8291    24.4414     2.3594 
  3048.600    88.4023    62.2539     5.9851    23.6602     2.3057 
  3048.800    95.8125    60.6875     5.8594    23.9414     2.2815 
  3049.000   102.1836    60.9102     5.5625    24.8711     2.2641 
  3049.200   101.3828    66.0625     5.1523    24.5859     2.2626 
  3049.400    96.6758    68.9180     4.6272    23.6345     2.2839 
  3049.600    95.2852    69.2812     4.5251    24.1289     2.3008 
  3049.800    97.5547    71.7656     4.8594    25.0664     2.3125 
  3050.000    99.7148    74.7734     5.6758    26.2578     2.3091 
  3050.200   102.5625    72.0000     6.8555    27.3477     2.2917 
  3050.400   107.9375    64.1875     8.4844    26.7461     2.2725 
  3050.600   112.1211    54.9375    11.1250    24.5820     2.2239 
  3050.800   112.9531    49.7578    16.7500    23.8901     2.1431 
  3051.000   112.0664    47.9375    26.0000    23.6133     2.1033 
  3051.200   111.0171    48.1289    40.9740    22.9265     2.0967 
  3051.400   109.9844    50.2969    85.3750    22.6252     2.1050 
  3051.600   108.8164    52.1484    99.5625    22.9570     2.1211 
  3051.800   107.5117    52.3281    58.1875    23.1780     2.1224 
  3052.000   106.5625    51.7656    32.5000    22.6562     2.1092 
  3052.200   105.6484    50.9336    23.8750    21.2539     2.1211 
  3052.400   104.7305    50.5676    21.1641    20.3867     2.1433 
  3052.600   103.9180    50.5916    19.4609    20.7344     2.1616 
  3052.800   102.8086    50.4897    17.6602    21.5898     2.1768 
  3053.000   101.8125    50.3628    16.1445    22.0698     2.1813 
  3053.200   100.9805    48.2812    15.2056    21.6016     2.1699 
  3053.400    99.4961    45.8281    15.2812    20.6875     2.1700 
  3053.600    97.3477    46.2266    14.7266    19.7109     2.1835 
  3053.800    94.5117    48.6602    12.7656    18.4922     2.2012 
  3054.000    89.9375    50.1523    11.5508    17.8208     2.2220 
  3054.200    84.0625    53.0000    11.8359    18.2031     2.2385 
  3054.400    78.1250    58.5625    12.9414    18.7734     2.2747 
  3054.600    68.8125    60.1875    12.2539    16.4531     2.3401 
  3054.800    60.5625    55.1875    11.1484    13.2383     2.4121 
  3055.000    57.2773    46.9375    11.0569    11.4258     2.4854 
  3055.200    62.7500    46.4375    11.4234    12.9375     2.4951 
  3055.400    75.7500    53.0625    10.5469    19.1250     2.4329 
  3055.600    91.8125    58.8750     8.3477    24.9375     2.3083 
  3055.800   102.4609    57.0000     7.5625    27.2410     2.1921 
  3056.000   104.3867    52.8008     8.0234    26.8203     2.1777 
  3056.200   104.4197    52.9883     8.8281    25.7812     2.2161 
  3056.400   103.7578    57.5430    10.0938    25.7344     2.2273 
  3056.600   102.5078    60.5430    12.0000    25.0625     2.2084 
  3056.800   102.5625    60.0469    12.7104    24.3242     2.1919 
  3057.000   104.6875    55.4375    11.6016    24.0156     2.1528 
  3057.200   106.4883    49.9609    10.1328    23.1758     2.1260 
  3057.400   106.7891    51.0977     9.1133    22.2148     2.1426 
  3057.600   104.9062    56.7500     8.1172    22.0703     2.1897 
  3057.800    99.8125    62.5625     6.8125    22.5620     2.2461 
  3058.000    93.6875    68.4375     5.8633    22.4141     2.3032 
  3058.200    91.6172    74.4375     5.7229    21.8711     2.3406 
  3058.400    92.8789    76.4453     6.4727    21.9492     2.3517 
  3058.600    95.0273    72.8750     7.1445    23.1836     2.3573 
  3058.800    97.1211    64.2500     7.7031    24.2422     2.3250 
  3059.000    99.4453    56.1797     8.5586    24.0742     2.2666 
  3059.200   100.1829    53.5117     9.7070    23.0195     2.2341 
  3059.400   100.4141    55.2891    10.5469    22.1875     2.2080 
  3059.600   101.4766    59.4727    11.1289    22.3516     2.2080 
  3059.800   102.3711    61.3416    11.2756    23.1797     2.2319 
  3060.000   102.1016    59.0391    11.0981    23.1953     2.2472 
  3060.200   100.4570    53.8438    11.0535    21.5273     2.2305 
  3060.400    98.4414    51.0039    11.0388    20.0742     2.1956 
  3060.600    97.2969    51.1172    11.1047    19.9678     2.1883 
  3060.800    96.9478    52.3633    11.3750    20.4297     2.2078 
  3061.000    97.1384    52.9426    11.7461    21.2891     2.2327 
  3061.200    97.1833    53.8359    12.4805    21.8750     2.2556 
  3061.400    96.8008    56.7695    14.0664    22.1096     2.2996 
  3061.600    91.0625    58.6641    19.1250    20.3984     2.3447 
  3061.800    80.6875    57.1367    34.3750    16.7617     2.3992 
  3062.000    71.5625    51.7500    67.1875    13.0898     2.4702 
  3062.200    69.5625    45.7305    95.9375    12.8125     2.4871 
  3062.400    85.9375    47.3750    71.8750    19.8125     2.3464 
  3062.600   101.4375    50.8125    36.6250    23.4219     2.1587 
  3062.800    98.1250    46.7695    18.9375    21.1133     2.1323 
  3063.000    93.6211    43.5156    12.7383    19.9216     2.1670 
  3063.200    93.3438    42.4453    10.2695    19.9973     2.1862 
  3063.400    95.5352    42.8320     8.6641    20.1643     2.2007 
  3063.600    95.2188    48.5625     7.8398    20.3926     2.2191 
  3063.800    93.1211    59.8125     7.6055    20.6406     2.2371 
  3064.000    92.3984    65.0469     7.6941    21.0039     2.2712 
  3064.200    93.2188    60.6250     8.2188    21.6523     2.2856 
  3064.400    94.9727    53.0625     8.8711    22.2217     2.2473 
  3064.600    95.6953    51.9570     9.1082    21.5352     2.2209 
  3064.800    93.9688    59.8750     8.5781    20.5156     2.2461 
  3065.000    89.0625    68.5625     7.9141    20.3928     2.2961 
  3065.200    80.8750    68.0156     7.4688    20.6367     2.3630 
  3065.400    72.9375    62.5117     7.4062    19.2031     2.4509 
  3065.600    69.3828    61.5781     7.7539    16.2031     2.5083 
  3065.800    71.7500    64.4375     8.1836    15.6914     2.4990 
  3066.000    81.7500    64.5039     8.4536    19.5000     2.4089 
  3066.200    89.8750    61.5742     8.4348    21.1602     2.3181 
  3066.400    91.2891    61.0117     8.3416    21.6133     2.2856 
  3066.600    88.9805    62.1719     8.3552    21.9453     2.3253 
  3066.800    88.7539    61.4336     8.2571    22.6602     2.3108 
  3067.000    91.9375    59.4102     8.2071    22.6602     2.2566 
  3067.200    95.6719    57.9453     8.2651    22.1680     2.2365 
  3067.400    97.8438    58.5859     8.6719    22.7539     2.2444 
  3067.600    98.6094    59.1980     9.3945    22.9961     2.2390 
  3067.800    97.4141    58.2891    10.8945    22.3633     2.2257 
  3068.000    97.2969    53.5000    13.9375    22.7812     2.2073 
  3068.200    99.5742    47.7500    19.6250    23.5508     2.1711 
  3068.400   102.0898    44.2812    26.7500    23.2422     2.1311 
  3068.600   102.8203    44.3633    31.2031    22.5122     2.1113 
  3068.800   100.9922    45.0540    34.7461    22.5508     2.1082 
  3069.000    99.2031    44.1953    36.8672    23.0117     2.1177 
  3069.200    98.5273    43.3041    35.4375    23.3538     2.1366 
  3069.400    98.4048    43.5703    31.9844    23.2686     2.1424 
  3069.600    98.9102    44.3477    28.3477    23.1763     2.1429 
  3069.800   100.1172    44.5703    26.9102    23.1548     2.1463 
  3070.000   101.0000    43.5938    28.3906    23.3008     2.1404 
  3070.200   101.5352    41.2617    32.5625    23.8594     2.1257 
  3070.400   101.6750    39.0938    40.2500    24.0691     2.1145 
  3070.600   101.2734    38.5264    59.3750    23.2539     2.1174 
  3070.800   100.4062    39.0547    94.3750    22.5977     2.1235 
  3071.000    99.5195    41.2695    77.1250    22.5676     2.1303 
  3071.200    99.0312    43.7578    39.4375    22.8601     2.1426 
  3071.400    98.6401    44.0547    26.8750    22.7461     2.1557 
  3071.600    98.6550    43.8281    16.5625    22.5830     2.1678 
  3071.800    98.9414    47.7500    10.1367    22.5657     2.1711 
  3072.000    97.8984    53.5625     7.8750    22.4375     2.1753 
  3072.200    95.7070    58.0625     6.8281    22.2307     2.2078 
  3072.400    94.8789    63.5625     6.2593    22.1094     2.2468 
  3072.600    96.0352    65.6562     6.1208    22.9180     2.2575 
  3072.800    98.6250    61.3750     6.2263    24.0312     2.2332 
  3073.000    98.9375    57.4492     6.5078    23.6914     2.2092 
  3073.200    93.6875    60.3086     6.5925    22.4297     2.2598 
  3073.400    88.9922    62.1406     6.3945    22.1157     2.3318 
  3073.600    85.0078    60.6523     5.9609    22.2708     2.3835 
  3073.800    82.7539    57.9453     5.4727    21.9492     2.4270 
  3074.000    82.3108    56.9922     5.3264    21.0195     2.4541 
  3074.200    82.3430    56.4258     5.4548    20.8950     2.4697 
  3074.400    82.3203    53.3477     5.8008    21.2969     2.4619 
  3074.600    82.0078    50.9492     6.1042    20.7305     2.4494 
  3074.800    82.5273    50.5786     6.3484    20.3416     2.4552 
  3075.000    85.5625    53.4375     6.6499    20.7148     2.4500 
  3075.200    90.6875    58.5859     6.8132    21.3477     2.3994 
  3075.400    95.4375    60.1470     6.7600    22.2930     2.3442 
  3075.600    97.9167    59.0312     6.5032    23.2317     2.3069 
  3075.800    97.0859    57.7148     6.3696    23.0977     2.2703 
  3076.000    93.3125    57.1836     6.6367    22.1484     2.2764 
  3076.200    86.6875    56.0625     7.2617    20.6641     2.3254 
  3076.400    77.6875    51.2500     7.7031    17.3242     2.4177 
  3076.600    68.9375    46.4570     7.8848    13.8438     2.5010 
  3076.800    63.3750    44.8398     7.6641    12.1797     2.5249 
  3077.000    69.0000    46.6250     7.6250    15.6875     2.4966 
  3077.200    82.3125    52.1250     8.0547    20.0742     2.4263 
  3077.400    91.7500    58.0000     8.2537    22.4531     2.3438 
  3077.600    94.5469    59.5564     7.7031    23.3711     2.2982 
  3077.800    94.5469    59.1328     6.8203    23.9609     2.2937 
  3078.000    93.2969    58.2461     6.3359    24.3477     2.3046 
  3078.200    94.0391    57.9570     6.3154    24.5669     2.3137 
  3078.400    94.9297    58.7930     6.4888    24.3828     2.2825 
  3078.600    90.0625    60.2930     6.6726    23.2188     2.2552 
  3078.800    83.3750    63.8125     6.7344    21.3242     2.2881 
  3079.000    77.5430    69.8750     6.6355    19.4297     2.3450 
  3079.200    77.2617    75.5000     6.4062    18.6055     2.3865 
  3079.400    81.8750    78.5078     6.0664    19.5508     2.4246 
  3079.600    86.6094    79.0425     5.6172    21.7891     2.4219 
  3079.800    88.8242    79.5938     5.2148    22.6128     2.4093 
  3080.000    89.3672    81.6992     4.8164    22.8438     2.4087 
  3080.200    89.3867    80.5625     4.4949    22.4375     2.3916 
  3080.400    89.3438    71.9375     4.4211    22.2061     2.3805 
  3080.600    90.1172    64.0000     4.5530    22.2747     2.3682 
  3080.800    91.2500    61.9766     4.9609    21.9531     2.3228 
  3081.000    95.2461    61.6262     5.7852    21.5469     2.2639 
  3081.200    96.2773    60.5508     6.9531    21.3916     2.2273 
  3081.400    95.4727    55.9375     7.8633    22.3008     2.2265 
  3081.600    97.4805    52.5742     8.3867    22.6602     2.2168 
  3081.800    97.1484    52.2930     8.7344    21.8750     2.2045 
  3082.000    89.0000    52.7344     9.3633    20.4141     2.2427 
  3082.200    78.7500    51.8828    10.7461    18.1875     2.3213 
  3082.400    71.8125    52.4375    11.0898    14.9844     2.3894 
  3082.600    70.0625    56.0625    10.3086    12.7188     2.4236 
  3082.800    76.6875    64.0625     9.4883    15.6875     2.3843 
  3083.000    88.6250    69.5586     9.1995    20.8125     2.3152 
  3083.200    96.6250    67.8594     9.1894    23.8086     2.2854 
  3083.400    98.0781    62.0586     8.5859    24.8503     2.2544 
  3083.600    96.4414    60.8320     7.7578    24.3359     2.2288 
  3083.800    93.5898    61.5859     7.3875    23.4922     2.2390 
  3084.000    92.5742    60.5586     7.6367    23.4485     2.2574 
  3084.200    94.4023    57.1250     8.3984    22.9180     2.2393 
  3084.400    93.9023    51.0625     9.6641    21.5508     2.2107 
  3084.600    88.0000    45.4297    11.1992    20.4336     2.2178 
  3084.800    79.1875    42.0195    12.3984    19.2852     2.2542 
  3085.000    68.3750    40.7910    13.4219    16.5430     2.2974 
  3085.200    61.8867    43.8750    14.0898    14.4453     2.3225 
  3085.400    67.6250    49.2500    13.1797    16.8594     2.2966 
  3085.600    79.5625    53.8320    11.5820    19.8945     2.2634 
  3085.800    86.3555    56.9102    10.7839    21.1172     2.2737 
  3086.000    89.7812    57.3750    10.6230    20.3906     2.2920 
  3086.200    88.6836    56.1523    10.3594    19.0508     2.2982 
  3086.400    84.7031    56.8828    10.0078    17.9297     2.3279 
  3086.600    82.5078    59.8047     9.8347    17.4265     2.3689 
  3086.800    81.4844    61.0496     9.7358    17.9453     2.3962 
  3087.000    80.6289    60.0898     9.3672    18.6484     2.4120 
  3087.200    80.6523    58.3413     8.8477    17.5898     2.4043 
  3087.400    84.0000    59.3906     8.3477    16.1953     2.3801 
  3087.600    89.1875    61.7773     7.6133    17.5273     2.3374 
  3087.800    91.8164    62.5352     6.9922    19.7148     2.3252 
  3088.000    90.6328    65.0273     6.5312    19.9663     2.3748 
  3088.200    88.2031    68.0781     6.1914    20.4727     2.4160 
  3088.400    85.7109    64.7500     5.9104    21.6323     2.4106 
  3088.600    84.1797    58.5391     5.6782    21.2930     2.3935 
  3088.800    87.0000    56.8301     5.3945    19.5117     2.3916 
  3089.000    90.9766    59.8125     5.1899    18.2539     2.3969 
  3089.200    93.7539    63.8281     5.1707    20.5352     2.3755 
  3089.400    94.5625    63.9648     5.2380    23.6602     2.3420 
  3089.600    93.6094    61.4023     5.3975    24.3149     2.3266 
  3089.800    92.7227    58.3125     5.6284    23.2344     2.3143 
  3090.000    90.1914    55.4219     5.9258    21.3398     2.3137 
  3090.200    87.4336    53.0469     6.4883    19.5625     2.3455 
  3090.400    83.4375    50.0820     7.3516    18.4375     2.3848 
  3090.600    77.8750    48.9258     8.0547    17.5938     2.4163 
  3090.800    71.5000    50.0391     8.5508    16.6289     2.4352 
  3091.000    67.6250    52.2070     8.8303    15.2812     2.4478 
  3091.200    74.3750    54.1326     8.8682    14.2305     2.4545 
  3091.400    84.3750    53.9727     8.7495    16.2500     2.4246 
  3091.600    90.7539    54.2031     8.3320    20.3333     2.3542 
  3091.800    85.0625    56.9609     7.4375    19.4805     2.3562 
  3092.000    79.0820    63.1875     6.7578    16.9414     2.3887 
  3092.200    78.3125    70.8984     6.5188    15.3789     2.3855 
  3092.400    83.0000    68.3750     6.3540    17.9023     2.3313 
  3092.600    88.0625    63.0312     6.1973    20.6875     2.2708 
  3092.800    91.9688    67.0000     6.0134    21.5664     2.2292 
  3093.000    92.5820    73.5078     5.8816    21.8765     2.2656 
  3093.200    93.1445    74.0938     5.8093    22.1055     2.2908 
  3093.400    94.4453    71.0820     5.8215    23.4219     2.2629 
  3093.600    93.4595    74.8125     6.1289    24.2812     2.2419 
  3093.800    93.6445    76.4375     6.7891    23.6133     2.2754 
  3094.000    94.2852    68.5625     7.5508    23.2887     2.3083 
  3094.200    96.0898    58.6250     8.2891    24.6172     2.2761 
  3094.400    98.7188    52.5703     9.2891    25.9844     2.2134 
  3094.600   101.3281    51.6133    10.9141    25.7734     2.1692 
  3094.800   102.0195    56.3750    12.3242    24.8984     2.1558 
  3095.000    98.9727    64.3750    12.5776    23.4844     2.1572 
  3095.200    96.2383    67.2000    12.5593    22.4805     2.1738 
  3095.400    96.2812    64.1367    12.2188    22.5352     2.2026 
  3095.600    96.5547    61.3191    10.9023    23.7070     2.2346 
  3095.800    96.0742    63.3125     9.6016    23.8555     2.2470 
  3096.000    97.3164    69.0000     8.7617    22.8320     2.2577 
  3096.200    99.9922    73.3594     8.5557    23.7617     2.2671 
  3096.400    99.6250    73.9258     8.7852    25.9531     2.2594 
  3096.600    95.3750    70.9609     8.9373    27.0391     2.2648 
  3096.800    87.9375    63.4375     8.9370    26.2500     2.2766 
  3097.000    83.3008    54.6250     8.9683    23.7969     2.2765 
  3097.200    81.1094    48.1875     9.1292    20.6641     2.2714 
  3097.400    79.5938    48.1875     9.2277    18.3594     2.2729 
  3097.600    78.3711    55.5000     9.2179    17.2422     2.2828 
  3097.800    78.2422    61.4375     9.1445    16.5195     2.2919 
  3098.000    80.1602    66.0000     8.8516    16.2891     2.3025 
  3098.200    80.1523    70.7031     8.4609    16.8555     2.3237 
  3098.400    79.2070    69.5352     8.1445    17.6406     2.3459 
  3098.600    77.7500    63.3125     8.2305    17.5898     2.3721 
  3098.800    70.3125    53.7500     9.5820    16.1875     2.4243 
  3099.000    65.0117    47.4336    11.2812    14.9219     2.4695 
  3099.200    65.0469    49.8125    11.9102    13.7109     2.4639 
  3099.400    67.8398    54.9336    12.1445    11.6562     2.4829 
  3099.600    67.1445    58.7500    14.0977    11.1609     2.5151 
  3099.800    64.7383    65.1250    17.0625    10.3242     2.5301 
  3100.000    64.8945    69.1836    18.8616     8.7314     2.5660 
  3100.200    68.1875    70.3086    17.8398     9.5703     2.5566 
  3100.400    75.8750    74.6875    14.7344    11.5352     2.5068 
  3100.600    83.2656    80.0039    11.5312    13.6172     2.4907 
  3100.800    81.9375    72.8125     9.1719    18.1875     2.4998 
  3101.000    77.2500    61.1250     7.2109    21.8828     2.4717 
  3101.200    75.2800    61.5625     6.1562    20.9531     2.4663 
  3101.400    76.8125    70.1875     5.7305    18.3750     2.4919 
  3101.600    83.1875    74.0352     5.5491    19.0586     2.4058 
  3101.800    88.5430    73.0000     5.5742    20.8281     2.2954 
  3102.000    91.5625    67.1250     6.0273    21.8008     2.2600 
  3102.200    96.2500    56.6875     6.7852    21.7031     2.2417 
  3102.400    99.8242    48.5625     7.8398    21.3008     2.2217 
  3102.600    99.6758    45.5703     9.5508    20.8555     2.2167 
  3102.800    95.8750    43.9102    12.1797    18.9492     2.2422 
  3103.000    88.5625    42.9609    15.2383    14.3125     2.3152 
  3103.200    74.6875    40.0625    20.0625     7.9375     2.4387 
  3103.400    63.5000    35.4414    28.6875     3.7109     2.5422 
  3103.600    58.3398    33.8672    42.0625     2.0977     2.5872 
  3103.800    56.8750    36.3984    53.6250     2.7539     2.5867 
  3104.000    59.3125    38.9453    60.0586     5.0977     2.5554 
  3104.200    64.1875    40.8281    50.5625     8.1484     2.4905 
  3104.400    69.2500    43.3750    30.4375    10.8984     2.4160 
  3104.600    76.5625    48.8750    19.8750    15.1875     2.3699 
  3104.800    84.3750    55.7500    13.0625    19.9844     2.3384 
  3105.000    87.7578    61.1250     9.2383    21.1602     2.3242 
  3105.200    85.0742    66.9375     7.2578    20.0664     2.3506 
  3105.400    83.9492    73.7500     5.9336    19.6616     2.3855 
  3105.600    85.2305    79.1250     5.2109    19.9766     2.4209 
  3105.800    87.1094    79.7930     4.8242    21.1211     2.4408 
  3106.000    88.9805    78.4297     4.5156    21.9180     2.4555 
  3106.200    90.0156    77.1211     4.2715    22.7266     2.4652 
  3106.400    90.8962    75.5312     4.0940    22.7695     2.4687 
  3106.600    90.1328    72.6328     3.9988    21.5859     2.4710 
  3106.800    88.6641    70.9453     3.9822    20.2578     2.4678 
  3107.000    88.7812    72.8125     4.0254    19.1719     2.4665 
  3107.200    87.9727    76.2695     4.1687    18.0898     2.4637 
  3107.400    85.8438    75.4961     4.3677    17.1172     2.4661 
  3107.600    81.7383    71.3008     4.6382    15.7031     2.4939 
  3107.800    79.9414    68.2344     4.8347    14.0352     2.5234 
  3108.000    80.9844    68.2148     4.7959    13.7617     2.5259 
  3108.200    82.3125    72.0352     4.5898    16.3125     2.4910 
  3108.400    86.6133    72.5234     4.2617    18.7266     2.4746 
  3108.600    88.2109    68.7930     3.8281    18.7383     2.4845 
  3108.800    86.2500    66.8359     3.3242    18.0117     2.5039 
  3109.000    84.5898    66.5078     3.0310    17.6162     2.5122 
  3109.200    84.3757    68.4492     2.7981    17.7227     2.5113 
  3109.400    84.5261    72.2734     2.5991    18.1406     2.5116 
  3109.600    84.7617    73.4531     2.4707    18.4658     2.5087 
  3109.800    84.9244    71.6836     2.4111    18.5090     2.5125 
  3110.000    84.5039    69.0781     2.3947    18.5057     2.5242 
  3110.200    83.8516    66.4570     2.3940    18.2344     2.5405 
  3110.400    83.6922    65.0859     2.4033    17.6016     2.5399 
  3110.600    83.7366    65.3164     2.4045    17.3489     2.5173 
  3110.800    84.2383    64.5664     2.3652    17.8398     2.4971 
  3111.000    85.6133    62.3047     2.3037    18.6797     2.4932 
  3111.200    86.7695    62.1602     2.2707    18.9801     2.4919 
  3111.400    86.6836    63.2617     2.2903    18.3945     2.4795 
  3111.600    84.5117    62.7344     2.3293    16.7852     2.4811 
  3111.800    82.5664    62.4531     2.3429    15.6289     2.4970 
  3112.000    81.5625    65.8750     2.3485    15.6289     2.5048 
  3112.200    82.8125    69.8672     2.3845    16.8164     2.4998 
  3112.400    85.2930    69.3828     2.4773    18.0000     2.4963 
  3112.600    84.9922    64.0000     2.6003    17.7578     2.5023 
  3112.800    79.4375    60.0156     2.7134    16.0039     2.5154 
  3113.000    74.8789    62.1641     2.7769    12.8672     2.5297 
  3113.200    74.4297    65.2656     2.7742    11.0195     2.5327 
  3113.400    78.3125    66.1250     2.7773    13.0234     2.5159 
  3113.600    81.4688    65.5781     2.8303    15.9141     2.5081 
  3113.800    82.0117    67.1172     2.8281    17.4023     2.5144 
  3114.000    82.1602    68.5685     2.7551    17.3438     2.5396 
  3114.200    80.4609    68.3398     2.6655    16.5977     2.5561 
  3114.400    78.3828    67.3750     2.6072    15.6797     2.5555 
  3114.600    78.3438    64.8125     2.5906    15.0391     2.5479 
  3114.800    80.4062    59.1875     2.6538    15.9609     2.5564 
  3115.000    81.2930    52.9375     2.7615    17.3320     2.5801 
  3115.200    75.6875    47.6875     2.9307    16.3086     2.6135 
  3115.400    68.7070    50.0000     3.1821    13.4688     2.6523 
  3115.600    69.5000    59.8750     3.3232    12.6089     2.6484 
  3115.800    75.2500    65.2812     3.4709    13.9766     2.5869 
  3116.000    77.3047    62.1914     3.8242    16.4023     2.5476 
  3116.200    74.1953    62.5625     4.0266    15.3789     2.5750 
  3116.400    73.7891    70.7500     3.8621    12.6758     2.6143 
  3116.600    77.6250    76.8008     3.7036    13.2578     2.5798 
  3116.800    82.8125    74.6250     3.6584    16.2109     2.5078 
  3117.000    84.3398    69.5000     3.5625    17.6875     2.4776 
  3117.200    82.1875    67.3445     3.3757    17.8418     2.4762 
  3117.400    81.4241    67.5742     3.2439    18.0508     2.4910 
  3117.600    82.3125    69.0078     3.2113    18.4297     2.5020 
  3117.800    84.0547    70.9827     3.2412    19.0156     2.4775 
  3118.000    84.8162    70.7969     3.3521    19.7695     2.4510 
  3118.200    84.7422    69.5703     3.5254    20.1997     2.4474 
  3118.400    86.0469    67.4023     3.7649    20.3894     2.4566 
  3118.600    91.3125    63.7656     4.1211    20.9688     2.4485 
  3118.800    95.7109    59.5000     4.5273    22.4727     2.3757 
  3119.000    94.0664    54.1250     5.0430    24.0117     2.3022 
  3119.200    88.1680    50.2422     5.6641    23.8320     2.3088 
  3119.400    87.1328    49.4226     6.4062    21.4727     2.3200 
  3119.600    91.3125    50.7930     7.2305    18.5625     2.2893 
  3119.800    95.7812    54.5469     7.5989    19.1445     2.2388 
  3120.000    96.1133    57.1602     7.3320    20.7773     2.2162 
  3120.200    95.4336    56.0391     6.2969    20.5781     2.2153 
  3120.400    94.2656    51.8281     4.5312    20.5781     2.2239 
  3120.600    91.0195    49.4524     3.1719    21.2891     2.2381 
  3120.800    88.3477    50.4219     2.3555    21.5603     2.2522 
  3121.000    88.9922    50.9336     1.8203    20.8633     2.2586 
  3121.200    91.8750    48.4766     1.4297    20.5391     2.2556 
  3121.400    89.8125    45.7734     1.1633    21.0742     2.2619 
  3121.600    81.3125    44.7148     1.0198    20.4688     2.2959 
  3121.800    73.8750    47.2070     0.9719    17.0586     2.3450 
  3122.000    71.9492    51.3164     0.8914    14.5547     2.3599 
  3122.200    78.0000    55.2383     0.7908    17.0156     2.2915 
  3122.400    87.1992    56.7578     0.6794    22.5195     2.2228 
  3122.600    87.1875    54.7148     0.5837    24.0586     2.2292 
  3122.800    83.0312    52.6758     0.5125    22.9375     2.2512 
  3123.000    82.7031    54.0430     0.4673    21.2344     2.2659 
  3123.200    84.3242    57.8750     0.4609    20.4675     2.2577 
  3123.400    89.0000    62.1250     0.4937    20.8398     2.2562 
  3123.600    92.9883    65.1367     0.5356    21.9062     2.2866 
  3123.800    91.3086    64.7617     0.5526    22.5898     2.3161 
  3124.000    87.2500    60.6250     0.5735    22.8391     2.3105 
  3124.200    85.0312    54.6680     0.5969    22.1328     2.2720 
  3124.400    86.5625    52.3516     0.5857    20.8398     2.2630 
  3124.600    88.8672    53.1250     0.5386    20.7773     2.2808 
  3124.800    89.8867    52.6992     0.4990    21.4102     2.2968 
  3125.000    89.3047    51.1484     0.4761    21.5439     2.2769 
  3125.200    88.3555    53.1367     0.4584    21.2539     2.2415 
  3125.400    87.4609    58.5000     0.4455    20.8477     2.2293 
  3125.600    86.8687    65.5625     0.4386    20.6934     2.2269 
  3125.800    87.0039    68.6797     0.4375    21.0859     2.2280 
  3126.000    87.9844    68.0625     0.4384    21.7266     2.2245 
  3126.200    89.2812    65.2852     0.4333    22.2170     2.2141 
  3126.400    89.5195    62.7031     0.4208    21.9766     2.2200 
  3126.600    89.2595    60.7617     0.4139    21.3633     2.2349 
  3126.800    89.9336    59.1836     0.4117    21.0134     2.2448 
  3127.000    90.3218    58.7803     0.4104    20.9561     2.2553 
  3127.200    89.9180    57.8867     0.4138    21.0063     2.2518 
  3127.400    88.8454    56.1731     0.4261    20.7109     2.2587 
  3127.600    86.7422    57.3594     0.4526    19.9805     2.2673 
  3127.800    84.2812    60.6953     0.4873    18.9570     2.2695 
  3128.000    81.6680    62.0156     0.5369    17.2539     2.2837 
  3128.200    79.8359    59.2891     0.6243    15.6992     2.3140 
  3128.400    78.6133    55.3594     0.7498    14.5938     2.3328 
  3128.600    75.3125    53.4570     0.9685    13.4492     2.3454 
  3128.800    68.9375    54.8594     1.2153    12.1406     2.3782 
  3129.000    65.7295    55.5881     1.3269    10.2812     2.3971 
  3129.200    68.2305    56.4414     1.3456     8.4492     2.3963 
  3129.400    73.1562    57.2305     1.2307     8.5938     2.3833 
  3129.600    76.4961    55.7070     1.0542    10.9102     2.3663 
  3129.800    77.6609    54.3711     0.9338    13.8750     2.3528 
  3130.000    75.3984    54.8594     0.8381    14.8164     2.3322 
  3130.200    72.7578    58.6250     0.7644    12.8516     2.3379 
  3130.400    72.4883    63.0508     0.7354    11.3242     2.3672 
  3130.600    72.1562    65.4414     0.7571    10.7188     2.3997 
  3130.800    68.1250    65.6250     0.8347    10.1211     2.4348 
  3131.000    64.4258    63.0391     0.9995     8.9375     2.4697 
  3131.200    60.7617    59.0820     1.2280     6.8398     2.4995 
  3131.400    56.7148    56.3984     1.3721     4.1602     2.5167 
  3131.600    58.3750    55.7207     1.4265     4.0391     2.5039 
  3131.800    65.5000    56.4531     1.4729     6.7695     2.4453 
  3132.000    71.5430    57.8125     1.5720    10.8125     2.3882 
  3132.200    72.7227    57.9375     1.7522    12.6875     2.3619 
  3132.400    70.2930    55.4844     1.8362    12.6445     2.3711 
  3132.600    65.3750    50.8125     1.7654    10.5273     2.4233 
  3132.800    59.8125    46.8398     1.8101     6.5625     2.4746 
  3133.000    54.6250    45.2070     2.0098     2.8359     2.5427 
  3133.200    52.5352    45.2639     2.2600     0.9062     2.6240 
  3133.400    52.0073    45.3945     2.2305     0.5779     2.6301 
  3133.600    52.4531    47.3828     1.8438     0.7422     2.5823 
  3133.800    54.8984    49.1836     1.4492     1.5508     2.5369 
  3134.000    57.5000    45.8125     1.2500     2.4531     2.5124 
  3134.200    57.9336    41.5469     1.1313     2.4688     2.5239 
  3134.400    55.8750    40.0859     1.0381     1.3750     2.5725 
  3134.600    54.1726    42.0039     0.9688     0.6636     2.5924 
  3134.800    54.4219    45.4258     0.8860     0.8867     2.5860 
  3135.000    55.9922    48.9453     0.7900     1.9102     2.5483 
  3135.200    61.4375    52.1797     0.7058     5.2500     2.4504 
  3135.400    69.6250    52.5195     0.6318    11.2500     2.3625 
  3135.600    76.8750    51.4961     0.5632    15.4062     2.3276 
  3135.800    79.1094    55.8750     0.5154    16.3789     2.3202 
  3136.000    80.1367    62.5000     0.4839    17.0625     2.3079 
  3136.200    81.8867    65.0898     0.4649    17.8281     2.2869 
  3136.400    83.2461    62.3125     0.4548    18.2695     2.2710 
  3136.600    83.6990    55.0625     0.4528    17.8594     2.2710 
  3136.800    83.3281    51.6406     0.4557    17.2461     2.2925 
  3137.000    82.4961    52.4961     0.4632    16.6602     2.3198 
  3137.200    81.7188    52.6797     0.4883    15.6953     2.3318 
  3137.400    80.7969    51.4023     0.5452    14.2227     2.3261 
  3137.600    79.1367    48.8125     0.6589    12.5469     2.3391 
  3137.800    76.3477    46.4336     0.8411    10.9062     2.3621 
  3138.000    72.8867    46.4453     1.0227     9.7500     2.3879 
  3138.200    69.4844    48.1953     1.1255     9.4573     2.4099 
  3138.400    71.2500    50.7305     1.1050    11.3789     2.3960 
  3138.600    75.4453    52.3984     0.9736    14.6836     2.3362 
  3138.800    79.8125    53.2188     0.7871    17.8555     2.2742 
  3139.000    82.7344    53.2461     0.6589    19.0967     2.2483 
  3139.200    83.4219    52.9414     0.6198    19.0828     2.2581 
  3139.400    83.4297    54.4141     0.6282    18.9780     2.2905 
  3139.600    80.5625    56.0430     0.6628    18.6250     2.3152 
  3139.800    76.1211    56.5664     0.7168    17.0234     2.3499 
  3140.000    72.9922    58.0234     0.8074    14.4453     2.4104 
  3140.200    72.0586    60.5664     0.9502    13.1719     2.4778 
  3140.400    76.6875    62.2500     1.3047    13.8672     2.5034 
  3140.600    81.8203    62.4070     1.7500    16.3516     2.4907 
  3140.800    84.4180    61.6484     2.0664    18.7812     2.5090 
  3141.000    85.3438    59.5000     2.2976    19.2344     2.5386 
  3141.200    83.4922    55.9062     2.4119    18.3555     2.5562 
  3141.400    81.3438    53.7891     2.4290    16.9375     2.5523 
  3141.600    80.7869    58.1250     2.4343    16.0586     2.5429 
  3141.800    80.9639    63.3906     2.4685    15.4609     2.5360 
  3142.000    81.0202    63.8086     2.5183    15.0469     2.5390 
  3142.200    80.9453    61.4492     2.5666    14.8264     2.5546 
  3142.400    80.6836    61.4727     2.5522    14.7224     2.5595 
  3142.600    80.8867    67.1250     2.5059    14.6853     2.5601 
  3142.800    81.9277    71.5430     2.4644    14.5781     2.5595 
  3143.000    81.2539    71.9766     2.4448    14.0430     2.5466 
  3143.200    79.2148    71.0508     2.4443    13.4844     2.5349 
  3143.400    77.4961    68.4531     2.4395    13.3833     2.5417 
  3143.600    76.8672    64.6328     2.3164    13.2539     2.5486 
  3143.800    75.9375    60.1875     1.9883    12.5547     2.5281 
  3144.000    73.1992    55.3750     1.5625    11.3086     2.4817 
  3144.200    71.9062    51.5195     1.1763    10.9258     2.4392 
  3144.400    76.6875    47.5938     0.9600    11.7148     2.3899 
  3144.600    84.6250    44.6367     0.7820    13.8359     2.3308 
  3144.800    89.1992    43.9287     0.6758    16.4570     2.2909 
  3145.000    88.8477    44.5547     0.6566    17.7695     2.2920 
  3145.200    84.8125    46.6055     0.6863    16.9961     2.3315 
  3145.400    78.0000    49.2656     0.7410    14.1250     2.3728 
  3145.600    70.6250    50.4231     0.9062    10.4375     2.4163 
  3145.800    65.0000    50.5242     1.1992     7.6367     2.4763 
  3146.000    62.5273    50.1172     1.5781     5.6211     2.5077 
  3146.200    64.6367    49.7812     2.1016     5.1836     2.4992 
  3146.400    68.0703    54.1250     2.4844     5.9414     2.4788 
  3146.600    71.2852    60.0625     2.5630     7.1836     2.4633 
  3146.800    70.4414    62.2422     2.1719     7.4102     2.4785 
  3147.000    66.2500    63.1562     1.6992     6.9531     2.5066 
  3147.200    64.9697    61.8203     1.4104     6.5117     2.5352 
  3147.400    71.8125    54.6875     1.2600     7.8203     2.4897 
  3147.600    78.4648    46.7500     1.2233    11.5625     2.4463 
  3147.800    79.2305    41.9062     1.2349    15.0859     2.5164 
  3148.000    76.9336    39.9297     1.3005    14.7695     2.5896 
  3148.200    75.7070    39.6016     1.4375    13.5117     2.5833 
  3148.400    73.3320    42.8125     1.6875    13.7188     2.5698 
  3148.600    71.4805    48.9805     2.1328    13.7461     2.5687 
  3148.800    72.6172    49.5820     2.6289    12.7930     2.5691 
  3149.000    75.9609    43.4375     3.0117    13.3281     2.5676 
  3149.200    78.2773    37.5938     3.1199    15.9375     2.5784 
  3149.400    76.7148    35.8867     2.9192    15.9883     2.5977 
  3149.600    73.7617    32.3125     2.7292    14.3711     2.6030 
  3149.800    72.6094    29.5547     2.6228    16.4492     2.5977 
  3150.000    74.6328    28.9712     2.5459    18.4141     2.5960 
  3150.200    76.2207    29.0938     2.4766    17.4961     2.5907 
  3150.400    74.7812    30.0312     2.4258    16.1406     2.5761 
  3150.600    73.2344    32.1445     2.4414    15.1484     2.5793 
  3150.800    73.0459    34.9062     2.6050    13.8984     2.5985 
  3151.000    73.0308    36.2969     2.9141    12.7812     2.5935 
  3151.200    72.2812    35.2422     3.2305    12.2305     2.5842 
  3151.400    71.0898    34.1562     3.5083    11.8984     2.5901 
  3151.600    70.6772    35.0742     3.7034    11.6055     2.5896 
  3151.800    70.9062    34.8906     3.8198    11.1367     2.5954 
  3152.000    70.2734    33.9062     3.9045    10.4648     2.6063 
  3152.200    69.1328    34.0625     3.9541     9.9648     2.6086 
  3152.400    68.8716    35.1953     3.9941     9.6785     2.6033 
  3152.600    69.0771    35.2891     3.9785     9.6079     2.5961 
  3152.800    69.2112    33.7227     3.9194     9.6343     2.5925 
  3153.000    69.3569    33.2680     3.8760     9.6152     2.6007 
  3153.200    69.3855    34.6172     3.8428     9.4492     2.6116 
  3153.400    68.7852    34.9141     3.8333     9.2085     2.6102 
  3153.600    67.2344    34.4961     3.8407     9.1272     2.5964 
  3153.800    66.6641    34.1631     3.8691     9.2595     2.5844 
  3154.000    67.5820    33.9814     3.8987     9.4114     2.5893 
  3154.200    69.0156    33.4922     3.9487     9.2461     2.5949 
  3154.400    69.6367    32.1836     4.0056     8.8242     2.5918 
  3154.600    68.6094    32.6992     4.0271     8.4648     2.5906 
  3154.800    68.0076    35.0508     4.0747     8.3379     2.6002 
  3155.000    68.1562    35.9961     4.1594     8.4348     2.6013 
  3155.200    68.3662    34.7461     4.2517     8.6389     2.5941 
  3155.400    68.2930    33.7656     4.3342     8.8865     2.5992 
  3155.600    67.7617    34.9336     4.3679     9.1758     2.6123 
  3155.800    67.7695    38.3398     4.3350     9.5430     2.6142 
  3156.000    69.6562    40.5430     4.2881     9.6384     2.6086 
  3156.200    72.6211    38.8555     4.2889     9.3281     2.6066 
  3156.400    72.6641    33.1250     4.3628    10.2656     2.6034 
  3156.600    69.0000    27.3750     4.4780    11.6484     2.6068 
  3156.800    64.3125    25.6719     4.5288    10.8086     2.6404 
  3157.000    62.7148    27.0820     4.6006     7.8516     2.6692 
  3157.200    63.2656    29.1172     4.7966     6.3320     2.6426 
  3157.400    63.7812    31.3281     5.0037     6.1272     2.6253 
  3157.600    64.0586    34.1133     5.0725     6.2378     2.6320 
  3157.800    65.3438    36.7891     5.0293     6.2966     2.6331 
  3158.000    67.6562    36.5117     4.9663     6.6406     2.6128 
  3158.200    69.3711    31.2500     4.8770     7.8672     2.6020 
  3158.400    68.5977    25.9688     4.7593     9.1484     2.6004 
  3158.600    66.3125    25.6523     4.6313     8.3203     2.5963 
  3158.800    64.5625    26.5742     4.4141     7.3125     2.5991 
  3159.000    65.3867    24.1836     4.1289     8.0977     2.5938 
  3159.200    65.6445    22.3047     3.8516     8.2539     2.5688 
  3159.400    64.9258    22.7812     3.6162     7.7422     2.5493 
  3159.600    64.9492    23.6445     3.3203     8.1172     2.5388 
  3159.800    66.2227    22.1250     2.9727     9.1914     2.5302 
  3160.000    67.4219    19.3828     2.6931     9.8789     2.5312 
  3160.200    66.8711    18.6914     2.5422     9.7468     2.5421 
  3160.400    66.5352    20.6758     2.4282     9.7500     2.5489 
  3160.600    67.4219    23.2773     2.3418    10.1406     2.5495 
  3160.800    68.3911    22.0898     2.3120    10.2942     2.5483 
  3161.000    68.2695    21.4219     2.3128    10.4102     2.5583 
  3161.200    68.0559    23.7148     2.3313    10.8555     2.5711 
  3161.400    68.3320    28.0625     2.3542    11.1990     2.5586 
  3161.600    69.3242    32.2852     2.4006    11.0742     2.5392 
  3161.800    70.5859    34.9727     2.4456    10.8909     2.5457 
  3162.000    71.9531    34.9141     2.4788    11.3750     2.5752 
  3162.200    72.8398    32.6914     2.5193    12.6289     2.5967 
  3162.400    73.8789    31.7937     2.5486    13.4062     2.5930 
  3162.600    73.9509    33.0859     2.5471    13.5090     2.5818 
  3162.800    73.5508    34.5078     2.5328    13.1953     2.5683 
  3163.000    73.1641    34.4883     2.5323    13.0578     2.5728 
  3163.200    72.4492    33.7539     2.5525    13.1033     2.5829 
  3163.400    71.8086    33.1367     2.6084    13.1206     2.5877 
  3163.600    71.1914    33.8594     2.7034    13.0007     2.5958 
  3163.800    70.6211    34.3513     2.8044    12.6719     2.6092 
  3164.000    70.5171    33.6499     2.9072    12.1445     2.6215 
  3164.200    70.7695    33.9297     2.9895    11.4180     2.6331 
  3164.400    70.9565    34.3936     3.0679    10.6719     2.6265 
  3164.600    70.6719    33.2266     3.1533    10.3159     2.6114 
  3164.800    70.1875    31.8594     3.2109    10.3286     2.6099 
  3165.000    70.0869    32.1094     3.2369    10.4893     2.6074 
  3165.200    70.5154    33.2832     3.2400    10.4922     2.6110 
  3165.400    70.4219    32.9453     3.2200    10.1758     2.6229 
  3165.600    70.2705    32.9844     3.1809     9.7930     2.6343 
  3165.800    70.5820    33.6055     3.1523     9.8489     2.6369 
  3166.000    70.6250    33.4336     3.1125    10.4414     2.6301 
  3166.200    71.0547    32.9727     3.0696    10.6577     2.6353 
  3166.400    70.8438    32.2578     3.0422    10.4180     2.6458 
  3166.600    70.0586    32.1680     3.0342    10.1869     2.6378 
  3166.800    69.5591    33.7188     3.0466    10.3008     2.6310 
  3167.000    70.0977    35.2500     3.0591    10.4941     2.6329 
  3167.200    71.5391    34.8711     3.0825    10.5039     2.6302 
  3167.400    71.6836    32.3047     3.1077    11.0781     2.6212 
  3167.600    70.2500    30.0898     3.1331    11.7617     2.6335 
  3167.800    69.1992    30.0273     3.1738    11.2031     2.6421 
  3168.000    70.2188    31.4609     3.2898    10.2532     2.6243 
  3168.200    70.9692    32.0000     3.4666    10.6758     2.6137 
  3168.400    69.9570    29.4688     3.6350    11.4102     2.6221 
  3168.600    68.0977    27.2109     3.8149    10.6562     2.6450 
  3168.800    67.4619    26.4727     4.0237     9.2266     2.6662 
  3169.000    67.7227    27.1289     4.2493     8.6094     2.6606 
  3169.200    68.6992    28.0312     4.3865     9.0547     2.6394 
  3169.400    68.4961    27.8042     4.4771     9.6797     2.6183 
  3169.600    66.6680    28.8672     4.5386     9.3828     2.6088 
  3169.800    64.9570    30.2285     4.5891     7.9961     2.6126 
  3170.000    64.7031    29.6367     4.6118     7.3279     2.6214 
  3170.200    65.6016    28.1641     4.6443     7.4077     2.6115 
  3170.400    65.3828    28.1250     4.7703     7.4062     2.6052 
  3170.600    64.3594    28.9336     4.9417     7.0586     2.6076 
  3170.800    64.2500    28.3984     5.0332     6.8171     2.6048 
  3171.000    64.7837    26.9648     5.0410     6.9043     2.6060 
  3171.200    64.8008    27.9180     4.9878     7.0549     2.6174 
  3171.400    64.5281    30.2969     4.9573     7.0144     2.6350 
  3171.600    65.1758    32.3086     4.8787     7.0820     2.6367 
  3171.800    65.9709    32.8645     4.8047     7.6328     2.6145 
  3172.000    65.6680    32.7141     4.7766     7.9185     2.5936 
  3172.200    64.7031    32.7170     4.7063     7.4453     2.5888 
  3172.400    64.8242    31.5156     4.6294     6.8359     2.5952 
  3172.600    65.4062    29.7188     4.5759     6.5061     2.5989 
  3172.800    65.9609    30.2852     4.5420     6.4978     2.5980 
  3173.000    65.8594    33.2070     4.5125     6.6860     2.6079 
  3173.200    64.9180    33.7422     4.4722     6.8992     2.6207 
  3173.400    64.1953    31.9375     4.4475     7.0432     2.6302 
  3173.600    64.1201    30.4688     4.3801     7.1357     2.6437 
  3173.800    64.2441    29.7227     4.3250     7.5156     2.6370 
  3174.000    64.5273    29.2231     4.3018     8.1719     2.6030 
  3174.200    64.8047    31.1016     4.2170     8.8398     2.5941 
  3174.400    65.7227    33.4414     4.0520     9.4062     2.5967 
  3174.600    67.6055    33.8047     3.8408     9.8633     2.5923 
  3174.800    68.7852    32.7031     3.6130     9.8086     2.5841 
  3175.000    69.5312    32.7852     3.4653     9.5625     2.5842 
  3175.200    69.8474    31.4102     3.3823     9.8438     2.5887 
  3175.400    69.6782    29.4688     3.3564     9.8179     2.5924 
  3175.600    68.9180    31.2500     3.3566     9.1289     2.6056 
  3175.800    68.7422    35.2383     3.3572     9.3633     2.6095 
  3176.000    68.6133    36.6367     3.3678    10.3984     2.6062 
  3176.200    68.7500    36.5938     3.4131    11.0352     2.6044 
  3176.400    71.6992    37.9766     3.4688    12.1992     2.5969 
  3176.600    72.9353    35.7422     3.4963    11.6172     2.5901 
  3176.800    69.2500    31.2734     3.4629     9.3203     2.5993 
  3177.000    66.4805    30.3320     3.3591     8.8867     2.6078 
  3177.200    69.0430    32.5938     3.3263    10.5430     2.6042 
  3177.400    72.4688    36.2539     3.4431    12.5117     2.5963 
  3177.600    72.0664    37.0586     3.6555    12.3594     2.5919 
  3177.800    68.0625    34.4844     3.8621    10.5508     2.5956 
  3178.000    63.9414    30.3438     4.0325     8.2617     2.6033 
  3178.200    63.1133    27.9102     4.3086     7.0859     2.6067 
  3178.400    63.9062    27.7969     4.6719     6.9250     2.6055 
  3178.600    64.1475    28.9844     4.8972     6.7632     2.6063 
  3178.800    63.8591    29.7656     4.9092     7.0977     2.6184 
  3179.000    64.0430    29.9998     4.6797     7.8867     2.6228 
  3179.200    64.5977    30.2266     4.1758     8.7930     2.6204 
  3179.400    65.7227    32.7461     3.8059    10.9883     2.6073 
  3179.600    67.2070    34.4971     3.6448    12.4328     2.5964 
  3179.800    68.8242    32.8750     3.5659    11.3008     2.6002 
  3180.000    68.2227    29.7578     3.5364     9.5352     2.6128 
  3180.200    65.5938    27.1250     3.5674     8.7239     2.6355 
  3180.400    63.9492    25.6484     3.6292     9.0195     2.6650 
  3180.600    66.2852    28.1328     3.7842    10.1758     2.6550 
  3180.800    68.4023    30.6484     3.9749    10.5547     2.6035 
  3181.000    68.0234    30.1953     4.0532     9.5273     2.5936 
  3181.200    66.4336    27.6914     4.0100     8.7808     2.5958 
  3181.400    65.0312    27.0039     3.9649     8.8145     2.5915 
  3181.600    65.1602    27.8047     3.9858     8.9131     2.5980 
  3181.800    66.1367    27.7656     4.0129     9.5586     2.6030 
  3182.000    66.4705    28.1287     4.0347    10.1152     2.6058 
  3182.200    65.9609    27.2266     4.0286     9.7344     2.5996 
  3182.400    64.5898    25.1914     3.9604     8.7969     2.5919 
  3182.600    64.3906    24.8164     3.9094     8.3945     2.5971 
  3182.800    65.7422    25.4453     3.9260     8.8555     2.6080 
  3183.000    65.5391    26.6094     3.9670     9.4102     2.6073 
  3183.200    65.1875    27.8281     4.0066     9.2437     2.6012 
  3183.400    65.6648    28.5547     4.0137     9.5391     2.6025 
  3183.600    66.2578    29.5547     3.9817    11.1562     2.6053 
  3183.800    67.0156    29.6985     3.9600    15.0000     2.5987 
  3184.000    66.7549    30.0469     3.9608    18.4727     2.5885 
  3184.200    67.2969    32.0352     3.9615    18.5625     2.5892 
  3184.400    68.4609    32.7695     3.9783    17.1328     2.6094 
  3184.600    67.8164    29.9727     4.0417    16.6501     2.6178 
  3184.800    66.1406    28.7241     4.0854    16.8110     2.6092 
  3185.000    65.1523    29.4375     4.0924    17.2109     2.6012 
  3185.200    65.7271    28.9609     4.0789    17.4421     2.5943 
  3185.400    65.6775    27.3516     4.0479    17.2800     2.5937 
  3185.600    65.4685    25.8789     3.9893    17.3340     2.5997 
  3185.800    65.1219    24.2070     3.8811    17.6736     2.6034 
  3186.000    65.1870    22.6836     3.8206    17.7996     2.6013 
  3186.200    65.3748    22.1653     3.7837    17.6877     2.5959 
  3186.400    65.7539    24.3359     3.7681    17.3789     2.5909 
  3186.600    66.0576    26.0430     3.7871    16.4023     2.5916 
  3186.800    65.9568    25.6055     3.8171    13.7734     2.5996 
  3187.000    65.6560    25.0820     3.9246    10.5703     2.6050 
  3187.200    65.8711    25.6797     4.1426     8.9727     2.6062 
  3187.400    66.0508    25.6875     4.3479     8.5742     2.6057 
  3187.600    65.2617    25.2930     4.4442     8.0977     2.6053 
  3187.800    63.5000    23.6914     4.4265     7.9023     2.6160 
  3188.000    62.8359    21.5156     4.3413     9.0781     2.6281 
  3188.200    65.0078    21.8555     4.2476    10.5195     2.6125 
  3188.400    67.4766    26.1250     4.1536    10.5430     2.5836 
  3188.600    67.6992    28.9453     4.0283     9.4727     2.5751 
  3188.800    66.4414    28.3398     3.8877     8.7852     2.5800 
  3189.000    65.0430    25.5859     3.7957     8.6511     2.5828 
  3189.200    64.7498    23.7959     3.7628     8.2266     2.5857 
  3189.400    64.9351    25.8477     3.7986     7.4492     2.5930 
  3189.600    65.0784    27.3281     3.8723     7.0012     2.5938 
  3189.800    64.7461    26.1758     3.9521     6.9419     2.5931 
  3190.000    64.4104    26.2969     4.0352     7.0271     2.5966 
  3190.200    64.4348    27.3984     4.1113     7.1777     2.6022 
  3190.400    64.2344    26.9062     4.1675     7.2239     2.6085 
  3190.600    64.0154    26.3726     4.2751     7.1880     2.6169 
  3190.800    64.0820    28.0625     4.5859     6.8711     2.6272 
  3191.000    62.4414    33.3750     5.3086     6.1094     2.6378 
  3191.200    59.1250    37.3594     6.1172     5.0000     2.6502 
  3191.400    55.6992    38.4570     6.2441     4.0195     2.6537 
  3191.600    57.8750    36.0859     5.6523     4.4219     2.6445 
  3191.800    63.4375    33.3125     5.1875     6.7461     2.6250 
  3192.000    69.1875    32.3555     4.5820     9.1562     2.6092 
  3192.200    71.8672    33.4805     3.9414    11.3398     2.6187 
  3192.400    71.7617    36.6367     3.5352    13.1797     2.6235 
  3192.600    70.4102    37.3945     3.2700    13.6919     2.6077 
  3192.800    69.8477    35.5352     3.1135    12.6797     2.5976 
  3193.000    70.6250    35.2473     3.1069    11.9495     2.5995 
  3193.200    69.8906    34.0117     3.2302    12.2383     2.5901 
  3193.400    68.0039    30.5742     3.4006    12.2812     2.5806 
  3193.600    66.5273    27.2383     3.6128    11.0508     2.5904 
  3193.800    64.3828    26.3545     3.8442     8.9414     2.5943 
  3194.000    63.8164    27.8516     4.0208     7.7427     2.5876 
  3194.200    65.7539    30.1211     4.1401     7.8359     2.5743 
  3194.400    67.2266    28.7734     4.1871     8.9805     2.5661 
  3194.600    67.1758    25.7148     4.1240     9.8672     2.5654 
  3194.800    65.8789    26.4688     3.9463     9.6267     2.5791 
  3195.000    65.7656    28.4258     3.7058     9.9414     2.5872 
  3195.200    68.0273    30.4062     3.4836    11.1992     2.5867 
  3195.400    69.8008    32.4180     3.3220    12.6016     2.5809 
  3195.600    71.0273    34.2500     3.2046    13.5430     2.5741 
  3195.800    73.6914    35.1680     3.1179    14.6641     2.5761 
  3196.000    74.3906    33.1250     3.1279    16.3867     2.5897 
  3196.200    72.0000    29.1484     3.2283    17.0042     2.5919 
  3196.400    66.9375    27.7339     3.2608    17.7930     2.5920 
  3196.600    65.5898    31.0625     3.1489    20.5195     2.6162 
  3196.800    70.0000    35.2031     2.9849    22.8398     2.6233 
  3197.000    75.3750    38.2148     2.8589    24.1523     2.6008 
  3197.200    76.9375    40.4492     2.7882    24.9180     2.5834 
  3197.400    72.2500    39.0000     2.8086    25.5703     2.5964 
  3197.600    67.4375    33.4375     2.9084    23.8789     2.6070 
  3197.800    62.9375    28.3125     3.0161    20.3398     2.6071 
  3198.000    64.6875    30.0117     3.1023    18.5710     2.6084 
  3198.200    67.4883    33.1680     3.2095    18.9922     2.5976 
  3198.400    67.2891    33.4922     3.4175    19.9414     2.5960 
  3198.600    66.9312    32.5571     3.7773    19.8359     2.5885 
  3198.800    67.9180    32.8750     4.0183    18.8984     2.5900 
  3199.000    70.8867    33.0625     4.0193    19.1484     2.5950 
  3199.200    70.3320    29.3125     3.8486    19.9883     2.5938 
  3199.400    68.2070    26.3320     3.5898    19.8242     2.5776 
  3199.600    67.3203    27.5039     3.3518    17.3438     2.5709 
  3199.800    68.0703    29.3555     3.1702    14.4141     2.5752 
